year,population
1800,989.818305278
1850,1262.6820738298
1900,1654.4309792265
1910,1777.1753808903
1920,1912.1109351544
1930,2091.8936262621
1940,2307.3481066107
1950,2544.8769516193
1960,3042.7948253854
1970,3709.8371465281
1980,4460.7099749342
1990,5307.5972679431
2000,6144.8343074278
